timestamp,engine,escala,staged,repeticao,status,tempo_total,pico_mem_mb,cpu_medio,cpu_pico,cpu_seg,io_seg,n_chunks,t_ingestao,t_limpeza,t_agregacao,t_janela,t_join,t_derivadas,t_escrita,erro
2026-10-01T20:53:52,pandas,100mb,True,1,ok,12.764,1519.8,118.9,660.0,15.2,0.0,1,0.601,0.463,1.011,9.427,0.228,0.005,0.109,
2026-10-01T20:54:06,pandas,100mb,True,2,ok,11.861,1498.5,116.3,584.0,14.0,0.0,1,0.422,0.438,0.957,9.305,0.013,0.005,0.099,
2026-10-01T20:54:18,pandas,100mb,True,3,ok,10.847,1574.2,115.0,690.0,12.7,0.0,1,0.346,0.39,0.896,8.389,0.01,0.005,0.094,
2026-10-01T20:54:33,polars,100mb,True,1,ok,2.827,1688.6,538.1,1000.0,15.7,0.0,1,0.112,0.54,1.162,0.416,0.013,0.005,0.025,
2026-10-01T20:54:39,polars,100mb,True,2,ok,2.829,1834.7,550.1,1000.0,16.2,0.0,1,0.096,0.622,1.142,0.444,0.014,0.005,0.025,
2026-10-01T20:54:45,polars,100mb,True,3,ok,2.83,1698.8,536.3,1000.0,15.7,0.0,1,0.09,0.627,1.133,0.456,0.012,0.006,0.026,
2026-10-01T20:55:12,duckdb,100mb,True,1,ok,3.62,3255.3,684.9,1000.0,25.0,0.0,1,0.32,0.877,1.427,0.226,0.093,0.09,0.084,
2026-10-01T20:55:30,duckdb,100mb,True,2,ok,3.82,3330.0,640.7,1000.0,25.2,0.0,1,0.252,0.809,1.492,0.28,0.132,0.126,0.121,
2026-10-01T20:55:47,duckdb,100mb,True,3,ok,3.624,3224.3,697.3,1000.0,26.0,0.0,1,0.324,0.9,1.491,0.223,0.083,0.099,0.084,
2026-10-01T20:57:24,spark,100mb,True,1,ok,38.997,6120.6,634.5,1000.0,245.5,0.0,1,6.421,8.132,12.93,2.256,1.101,0.752,0.98,
2026-10-01T20:58:04,spark,100mb,True,2,ok,36.942,6114.5,659.0,1000.0,244.9,0.0,1,5.733,7.016,13.906,2.265,0.91,0.829,0.938,
2026-10-01T20:58:47,spark,100mb,True,3,ok,41.427,6093.6,617.1,1000.0,256.4,25.0,1,5.458,7.344,17.919,2.28,1.068,0.773,0.97,
2026-10-01T20:59:39,pandas,200mb,True,1,ok,23.353,2832.5,113.4,695.0,26.7,0.0,2,0.575,1.002,2.959,17.931,0.014,0.008,0.172,
2026-10-01T21:00:06,pandas,200mb,True,2,ok,24.925,2875.0,113.4,730.0,28.4,0.0,2,0.647,1.177,2.517,19.661,0.018,0.01,0.247,
2026-10-01T21:00:32,pandas,200mb,True,3,ok,24.725,2839.3,113.1,670.0,28.2,0.1,2,0.62,1.168,2.515,19.49,0.016,0.006,0.162,
2026-10-01T21:00:58,polars,200mb,True,1,ok,5.627,3358.7,613.3,1000.0,34.6,0.0,2,0.207,1.363,2.428,1.015,0.016,0.01,0.051,
2026-10-01T21:01:13,polars,200mb,True,2,ok,5.438,3055.4,595.4,1000.0,33.1,0.0,2,0.217,1.532,2.279,0.93,0.019,0.009,0.05,
2026-10-01T21:01:33,polars,200mb,True,3,ok,5.827,3343.2,588.4,1000.0,34.6,0.0,2,0.225,1.449,2.505,0.956,0.016,0.009,0.048,
2026-10-01T21:03:17,duckdb,200mb,True,1,ok,28.823,5938.1,313.1,1000.0,84.1,90.1,2,0.73,1.676,24.702,0.568,0.16,0.164,0.168,
2026-10-01T21:03:41,duckdb,200mb,True,2,ok,22.368,5927.4,374.4,1000.0,76.2,38.2,2,0.685,1.591,18.298,0.489,0.202,0.123,0.167,
2026-10-01T21:04:06,duckdb,200mb,True,3,ok,22.9,5953.8,360.5,1000.0,76.3,44.7,2,0.889,1.701,18.764,0.524,0.181,0.119,0.201,
2026-10-01T21:06:24,spark,200mb,True,1,ok,63.379,6309.7,668.7,1000.0,424.6,26.1,2,8.529,14.171,28.714,3.224,1.016,1.017,1.176,
2026-10-01T21:07:32,spark,200mb,True,2,ok,65.671,6262.6,635.5,1000.0,418.6,37.7,2,8.187,14.177,30.594,3.436,1.094,1.082,1.389,
2026-10-01T21:08:35,spark,200mb,True,3,ok,60.389,6148.6,685.3,1000.0,413.1,41.0,2,8.456,13.921,26.168,3.416,1.047,1.061,1.098,
