timestamp,engine,escala,staged,repeticao,status,tempo_total,pico_mem_mb,cpu_medio,cpu_pico,n_chunks,t_ingestao,t_limpeza,t_agregacao,t_janela,t_join,t_derivadas,t_escrita,erro
2026-09-23T18:29:43,pandas,100mb,False,1,ok,12.258,1495.9,117.2,781.0,1,0.478,0.47,1.059,9.393,0.011,0.005,0.122,
2026-09-23T18:29:57,pandas,100mb,False,2,ok,11.844,1469.4,114.0,733.0,1,0.273,0.469,1.043,9.324,0.01,0.006,0.096,
2026-09-23T18:30:10,pandas,100mb,False,3,ok,11.872,1500.2,114.4,712.0,1,0.256,0.387,0.991,9.525,0.008,0.006,0.094,
2026-09-23T18:30:21,polars,100mb,False,1,ok,3.617,952.3,395.8,1000.0,1,0.0,0.001,0.04,1.189,0.0,0.0,1.824,
2026-09-23T18:30:25,polars,100mb,False,2,ok,3.218,1013.7,422.6,1000.0,1,0.0,0.0,0.04,1.093,0.0,0.0,1.703,
2026-09-23T18:30:31,polars,100mb,False,3,ok,3.616,1072.4,417.5,1000.0,1,0.0,0.001,0.045,1.316,0.0,0.0,1.825,
2026-09-23T18:30:40,duckdb,100mb,False,1,ok,2.423,1570.4,703.8,1000.0,1,0.001,0.699,0.005,0.002,0.002,0.002,1.25,
2026-09-23T18:30:44,duckdb,100mb,False,2,ok,2.415,1557.2,761.0,1000.0,1,0.001,0.696,0.005,0.002,0.002,0.002,1.33,
2026-09-23T18:30:48,duckdb,100mb,False,3,ok,2.211,1387.7,771.0,1000.0,1,0.001,0.741,0.008,0.002,0.002,0.002,1.138,
2026-09-23T18:32:11,spark,100mb,False,1,ok,40.409,5918.6,615.9,1000.0,1,1.48,10.787,0.744,0.161,0.075,0.118,20.646,
2026-09-23T18:32:53,spark,100mb,False,2,ok,39.052,5852.4,646.4,1000.0,1,1.352,10.872,0.746,0.173,0.079,0.12,19.341,
2026-09-23T18:33:35,spark,100mb,False,3,ok,40.404,5865.2,609.5,1000.0,1,1.559,10.909,0.679,0.165,0.07,0.125,20.806,
2026-09-23T18:34:27,pandas,200mb,False,1,ok,24.496,2945.4,114.4,692.0,2,0.679,1.169,2.411,19.455,0.015,0.006,0.174,
2026-09-23T18:34:53,pandas,200mb,False,2,ok,23.898,2906.8,113.5,693.0,2,0.63,1.11,2.249,18.98,0.014,0.006,0.175,
2026-09-23T18:35:18,pandas,200mb,False,3,ok,23.915,2862.6,112.5,713.0,2,0.628,1.056,2.29,18.961,0.015,0.008,0.194,
2026-09-23T18:35:36,polars,200mb,False,1,ok,6.891,1837.7,437.8,1000.0,2,0.0,0.0,0.069,2.539,0.0,0.0,3.811,
2026-09-23T18:35:45,polars,200mb,False,2,ok,7.443,1809.5,436.7,1000.0,2,0.0,0.0,0.065,2.474,0.0,0.0,4.391,
2026-09-23T18:35:53,polars,200mb,False,3,ok,6.848,1725.6,436.2,1000.0,2,0.0,0.0,0.071,2.468,0.0,0.0,3.83,
2026-09-23T18:36:27,duckdb,200mb,False,1,ok,17.073,5872.9,555.2,1000.0,2,0.002,2.017,0.008,0.002,0.003,0.003,14.424,
2026-09-23T18:36:52,duckdb,200mb,False,2,ok,23.389,5860.0,478.1,1000.0,2,0.002,2.082,0.008,0.002,0.002,0.003,20.647,
2026-09-23T18:37:15,duckdb,200mb,False,3,ok,21.107,5974.1,369.7,1000.0,2,0.001,1.907,0.008,0.002,0.002,0.003,16.333,
2026-09-23T18:39:44,spark,200mb,False,1,ok,78.603,6039.4,526.2,1000.0,2,1.518,17.025,0.683,0.183,0.097,0.123,52.445,
2026-09-23T18:40:56,spark,200mb,False,2,ok,69.345,5879.1,603.6,1000.0,2,1.314,17.48,0.699,0.157,0.072,0.118,43.397,
2026-09-23T18:42:04,spark,200mb,False,3,ok,65.757,6001.5,607.0,1000.0,2,1.484,19.093,0.731,0.171,0.082,0.122,37.814,
2026-09-23T18:43:51,pandas,400mb,False,1,ok,49.408,5487.8,111.4,687.0,4,1.204,3.33,4.6,39.278,0.027,0.01,0.355,
2026-09-23T18:44:44,pandas,400mb,False,2,ok,51.24,5438.3,111.1,737.0,4,1.281,3.507,4.698,40.62,0.029,0.011,0.364,
2026-09-23T18:45:36,pandas,400mb,False,3,ok,51.239,5379.6,111.2,728.0,4,1.252,3.574,5.03,40.187,0.029,0.011,0.367,
2026-09-23T18:46:11,polars,400mb,False,1,ok,14.538,3765.1,448.4,1000.0,4,0.0,0.0,0.131,5.661,0.0,0.0,8.142,
2026-09-23T18:46:27,polars,400mb,False,2,ok,14.552,3756.3,447.7,1000.0,4,0.0,0.0,0.128,5.652,0.0,0.0,8.204,
2026-09-23T18:46:43,polars,400mb,False,3,ok,14.547,3914.0,451.4,1000.0,4,0.0,0.0,0.117,5.777,0.0,0.0,8.211,
2026-09-23T18:49:19,duckdb,400mb,False,1,ok,80.522,5807.1,302.6,1000.0,4,0.012,6.613,0.017,0.005,0.002,0.003,72.509,
2026-09-23T18:50:45,duckdb,400mb,False,2,ok,84.128,5605.1,230.0,1000.0,4,0.002,3.71,0.014,0.002,0.002,0.002,78.891,
2026-09-23T18:51:57,duckdb,400mb,False,3,ok,70.316,5664.5,270.3,1000.0,4,0.039,4.251,0.032,0.005,0.004,0.004,63.9,
2026-09-23T18:56:53,spark,400mb,False,1,ok,147.553,6043.6,460.2,1000.0,4,1.559,47.343,0.772,0.158,0.079,0.131,89.972,
2026-09-23T18:59:30,spark,400mb,False,2,ok,154.376,6048.8,457.5,1000.0,4,1.445,50.434,0.762,0.159,0.075,0.121,93.526,
2026-09-23T19:01:48,spark,400mb,False,3,ok,134.796,6057.5,536.3,1000.0,4,1.354,38.28,0.763,0.162,0.075,0.123,87.313,
2026-09-23T19:12:49,pandas,800mb,False,0,OOM,51.78,8295.0,114.2,743.0,,,,,,,,,encerrado pelo harness: memória cruzou 8269 MB (95% de 8.5 GB)
2026-09-23T19:13:33,polars,800mb,False,0,OOM,41.939,8274.8,261.1,1000.0,,,,,,,,,encerrado pelo harness: memória cruzou 8269 MB (95% de 8.5 GB)
2026-09-23T19:24:21,duckdb,800mb,False,1,ok,264.581,6111.0,191.7,1000.0,8,0.004,8.987,0.035,0.004,1.575,0.003,251.599,
2026-09-23T19:28:53,duckdb,800mb,False,2,ok,257.184,6121.9,185.2,1000.0,8,0.006,6.419,0.022,0.002,0.002,0.003,248.927,
2026-09-23T19:33:19,duckdb,800mb,False,3,ok,243.665,6108.1,155.9,1000.0,8,0.004,7.038,0.041,0.003,0.004,0.003,233.748,
2026-09-23T19:45:19,spark,800mb,False,1,ok,358.871,6006.6,401.8,1000.0,8,1.451,118.43,0.738,0.154,0.086,0.11,224.502,
2026-09-23T19:51:36,spark,800mb,False,2,ok,369.152,5961.8,383.3,1000.0,8,1.37,125.878,2.442,0.225,0.092,0.106,231.036,
2026-09-23T19:58:13,spark,800mb,False,3,ok,394.035,5947.5,363.2,1000.0,8,1.751,127.272,0.713,0.191,0.082,0.108,247.251,
2026-09-23T19:58:46,pandas,1600mb,False,0,OOM,29.979,8597.6,170.4,1000.0,,,,,,,,,encerrado pelo harness: memória cruzou 8269 MB (95% de 8.5 GB)
2026-09-23T19:59:19,polars,1600mb,False,0,OOM,31.329,8402.8,366.5,1000.0,,,,,,,,,encerrado pelo harness: memória cruzou 8269 MB (95% de 8.5 GB)
2026-09-23T20:25:33,duckdb,1600mb,False,1,ok,750.216,6303.7,184.2,1000.0,16,0.007,205.571,3.83,0.442,0.024,0.004,537.79,
2026-09-23T20:38:03,duckdb,1600mb,False,2,ok,726.805,6374.7,123.1,1000.0,16,0.013,150.909,0.241,0.003,0.005,0.003,573.122,
2026-09-23T20:50:00,duckdb,1600mb,False,3,ok,696.974,6265.2,145.9,1000.0,16,0.015,167.963,0.25,0.005,0.008,0.004,526.2,
2026-09-23T21:20:15,spark,1600mb,False,1,ok,793.74,6141.8,411.4,1000.0,16,1.31,285.963,1.155,0.157,0.099,0.109,497.794,
2026-09-23T21:32:56,spark,1600mb,False,2,ok,741.179,6128.6,358.8,1000.0,16,1.388,250.192,0.832,0.143,0.114,0.106,473.628,
2026-09-23T21:45:22,spark,1600mb,False,3,ok,625.671,6192.4,467.1,1000.0,16,1.331,189.839,0.936,0.145,0.084,0.102,425.848,linha de base não estabilizou em 120s (assentou em 663 MB): o pico pode estar subestimado
