escala,modelo,n,pr_auc,acaso,precision_at_k,k,pr_auc_rajada,pr_auc_ticket_desproporcional,pr_auc_migracao_canal,pr_auc_multivariada
100mb,Z-Score,57000,0.4366249492768064,0.02,0.5403508771929825,1140,0.48976229075404615,0.027747341375405476,0.5341694487791806,0.0926574468379099
100mb,IForest,57000,0.13555397567993038,0.02,0.1850877192982456,1140,0.024507196074040716,0.05640528930362336,0.13557360496391874,0.006840081383021695
100mb,LOF,20000,0.1892548060739335,0.02005,0.3092269326683292,401,0.08981221839564249,0.21888959864250687,0.0067715202136113435,0.10351182896278308
200mb,Z-Score,114000,0.42896748297788023,0.02,0.5342105263157895,2280,0.47512882102449006,0.024907667267828646,0.5198742440074254,0.08157847170526039
200mb,IForest,114000,0.13140442423345364,0.02,0.1618421052631579,2280,0.029434493113922856,0.04340360353378863,0.11486972260841746,0.008942309933359809
200mb,LOF,20000,0.17951636020442738,0.02035,0.29238329238329236,407,0.0709576429424387,0.2872187415942452,0.014495812173203337,0.06023578093475222
400mb,Z-Score,228000,0.43604179281293803,0.02,0.5375,4560,0.47012000915874963,0.0318178539918719,0.5271235141851822,0.07958782238871799
400mb,IForest,228000,0.1162523201992214,0.02,0.16140350877192983,4560,0.022512235196934727,0.045916997955757946,0.09605422840403993,0.007184627523429977
400mb,LOF,20000,0.17236447653231132,0.01935,0.27648578811369506,387,0.10776252209200156,0.24281087210139518,0.00868058480208464,0.028353081492901805
800mb,Z-Score,456000,0.438401900380411,0.02,0.5410087719298246,9120,0.47530911073299204,0.030256518327856512,0.5313484436848674,0.07915251021966853
800mb,IForest,456000,0.1486494126836155,0.02,0.21458333333333332,9120,0.029649472867265523,0.0519791632215005,0.14281260422208653,0.00870656831228733
800mb,LOF,20000,0.14009288665196892,0.0206,0.2669902912621359,412,0.031075606381855563,0.22362088498391208,0.004803121120308958,0.044443144206925106
1600mb,Z-Score,912000,0.4399095979936075,0.02,0.5427083333333333,18240,0.4829294454080764,0.030319232541658143,0.5299787866875694,0.08064619865773381
1600mb,IForest,912000,0.14168203530539666,0.02,0.2013157894736842,18240,0.029345514054130172,0.049579168128427865,0.13234935340761284,0.008121303841933521
1600mb,LOF,20000,0.18759832597557025,0.0202,0.2871287128712871,404,0.050986503548268745,0.26093520307310036,0.00851658638407592,0.09840027207713065
